{
    "phonemes": {
        "aa": [
            [
                -5.726436614990234,
                1.8070241212844849,
                28.723514556884766,
                -48.436885833740234,
                -32.407386779785156,
                -10.272603988647461,
                10.238229751586914,
                -13.240022659301758,
                1.7390034198760986,
                4.902425765991211,
                -27.384693145751953,
                -2.9880292415618896
            ]
        ],
        "ee": [
            [
                -13.879228591918945,
                48.91841125488281,
                66.86837768554688,
                -26.404451370239258,
                -12.12261962890625,
                0.5984624624252319,
                -25.04231071472168,
                -35.033058166503906,
                -3.584165096282959,
                -10.745022773742676,
                -23.34878158569336,
                6.423915386199951
            ]
        ],
        "ih": [
            [
                8.86795711517334,
                -54.510887145996094,
                -0.364023357629776,
                -2.4750828742980957,
                1.2905967235565186,
                -9.147358894348145,
                0.2932838201522827,
                -14.12457275390625,
                -7.551252365112305,
                -13.966597557067871,
                -18.21726417541504,
                3.196692943572998
            ]
        ],
        "oh": [
            [
                48.60540008544922,
                -18.968793869018555,
                -27.95584487915039,
                -59.18342971801758,
                26.390581130981445,
                -6.315089702606201,
                -13.975475311279297,
                -14.158148765563965,
                5.63870096206665,
                0.6717894077301025,
                -22.06864356994629,
                -6.87616491317749
            ]
        ],
        "ou": [
            [
                16.547611236572266,
                -26.792451858520508,
                39.26911163330078,
                -20.445539474487305,
                -21.234020233154297,
                -32.001976013183594,
                -2.2657363414764404,
                -20.16033935546875,
                -12.648260116577148,
                1.972887635231018,
                -4.189176082611084,
                -2.795008420944214
            ]
        ],
        "silence": [
            [
                -1.9895196601282805e-13,
                2.1316282072803006e-13,
                -2.8421709430404007e-13,
                2.2737367544323206e-13,
                -3.268496584496461e-13,
                1.2789769243681803e-13,
                -1.2789769243681803e-13,
                1.4210854715202004e-14,
                -6.536993168992922e-13,
                2.984279490192421e-13,
                5.115907697472721e-13,
                6.536993168992922e-13
            ]
        ]
    },
    "normalization": {
        "means": [
            9.069217205047574,
            -8.25778291622794,
            17.75685593982533,
            -26.157564878463706,
            -6.347141464551345,
            -9.523094356060007,
            -5.125334799289725,
            -16.119356950124104,
            -2.7343288660050526,
            -2.8607529203096527,
            -15.868093093236203,
            -0.5064323743183318
        ],
        "std_devs": [
            20.19434688569274,
            31.718075442370527,
            30.898515417332785,
            21.851171715466716,
            18.728282638527173,
            10.873742032853938,
            11.364108854155038,
            10.408388992212629,
            6.052628782118348,
            6.94976358259308,
            10.17146080163396,
            4.358301024114612
        ]
    }
}